{
    "name": "root",
    "metadata": {
        "timer_format_version": "0.1.0",
        "start_time_seconds": "1714708877",
        "python_version": "3.10.5 (tags/v3.10.5:f377153, Jun  6 2022, 16:14:13) [MSC v.1929 64 bit (AMD64)]",
        "command_line_arguments": "E:\\Repositories\\ProjectGuardian\\venv\\Scripts\\mlagents-learn config/SmartEnemy.yaml --run-id=SmartEnemyTest00",
        "mlagents_version": "1.0.0",
        "mlagents_envs_version": "1.0.0",
        "communication_protocol_version": "1.5.0",
        "pytorch_version": "2.2.2+cu121",
        "numpy_version": "1.21.2",
        "end_time_seconds": "1714708932"
    },
    "total": 55.21296949998941,
    "count": 1,
    "self": 10.003954100000556,
    "children": {
        "run_training.setup": {
            "total": 0.06407769999350421,
            "count": 1,
            "self": 0.06407769999350421
        },
        "TrainerController.start_learning": {
            "total": 45.14493769999535,
            "count": 1,
            "self": 0.03804219969606493,
            "children": {
                "TrainerController._reset_env": {
                    "total": 15.479260199994314,
                    "count": 1,
                    "self": 15.479260199994314
                },
                "TrainerController.advance": {
                    "total": 29.47590360030881,
                    "count": 2404,
                    "self": 0.03528380097122863,
                    "children": {
                        "env_step": {
                            "total": 21.412138499639696,
                            "count": 2404,
                            "self": 11.68189419961709,
                            "children": {
                                "SubprocessEnvManager._take_step": {
                                    "total": 9.70546879984613,
                                    "count": 2404,
                                    "self": 0.1033237999654375,
                                    "children": {
                                        "TorchPolicy.evaluate": {
                                            "total": 9.602144999880693,
                                            "count": 2387,
                                            "self": 9.602144999880693
                                        }
                                    }
                                },
                                "workers": {
                                    "total": 0.024775500176474452,
                                    "count": 2403,
                                    "self": 0.0,
                                    "children": {
                                        "worker_root": {
                                            "total": 30.204080200215685,
                                            "count": 2403,
                                            "is_parallel": true,
                                            "self": 20.258458699885523,
                                            "children": {
                                                "steps_from_proto": {
                                                    "total": 0.00033830000029411167,
                                                    "count": 1,
                                                    "is_parallel": true,
                                                    "self": 0.00018309999722987413,
                                                    "children": {
                                                        "_process_rank_one_or_two_observation": {
                                                            "total": 0.00015520000306423753,
                                                            "count": 2,
                                                            "is_parallel": true,
                                                            "self": 0.00015520000306423753
                                                        }
                                                    }
                                                },
                                                "UnityEnvironment.step": {
                                                    "total": 9.945283200329868,
                                                    "count": 2403,
                                                    "is_parallel": true,
                                                    "self": 0.14300970079784747,
                                                    "children": {
                                                        "UnityEnvironment._generate_step_input": {
                                                            "total": 0.128262199825258,
                                                            "count": 2403,
                                                            "is_parallel": true,
                                                            "self": 0.128262199825258
                                                        },
                                                        "communicator.exchange": {
                                                            "total": 9.198820099627483,
                                                            "count": 2403,
                                                            "is_parallel": true,
                                                            "self": 9.198820099627483
                                                        },
                                                        "steps_from_proto": {
                                                            "total": 0.47519120007927995,
                                                            "count": 2403,
                                                            "is_parallel": true,
                                                            "self": 0.29633379995357245,
                                                            "children": {
                                                                "_process_rank_one_or_two_observation": {
                                                                    "total": 0.1788574001257075,
                                                                    "count": 4806,
                                                                    "is_parallel": true,
                                                                    "self": 0.1788574001257075
                                                                }
                                                            }
                                                        }
                                                    }
                                                }
                                            }
                                        }
                                    }
                                }
                            }
                        },
                        "trainer_advance": {
                            "total": 8.028481299697887,
                            "count": 2403,
                            "self": 0.049915599447558634,
                            "children": {
                                "process_trajectory": {
                                    "total": 0.21765950026747305,
                                    "count": 2403,
                                    "self": 0.21765950026747305
                                },
                                "_update_policy": {
                                    "total": 7.7609061999828555,
                                    "count": 18,
                                    "self": 0.27720829998725094,
                                    "children": {
                                        "TorchPPOOptimizer.update": {
                                            "total": 7.4836978999956045,
                                            "count": 681,